name,type,latitude,longitude,municipality
Daulat Beg Oldi Advanced Landing Ground,small_airport,35.396467,77.928965,Nubra
Walong Advanced Landing Ground,small_airport,28.12967300415,97.019660949707,
Jakkur Aerodrome,small_airport,13.07674,77.597645,Bengaluru
Pakyong Airport,small_airport,27.2313,88.587196,Pakyong
Nadirgul Airport,small_airport,17.306142,78.561004,Hyderabad
Baljek Airport,small_airport,25.661487579345703,90.34503936767578,
Amreli Airport,small_airport,21.621416,71.226309,Amreli
Baramati Airport,small_airport,18.226944,74.590833,Pune
Maharshi Valmiki International Airport,medium_airport,26.747736,82.163664,Faizabad
Korba Airport,small_airport,22.4141666667,82.7194444444,Rumgara
Aamby Valley Airport,small_airport,18.609617,73.377583,Aamby Valley City
Vijay Nagar Airport,small_airport,19.8841,73.84056666670001,Vijay Nagar
INS Kohassa,small_airport,13.236316,93.049731,Diglipur
Khargon Govt. Airstrip,small_airport,21.8100301946,75.55443763730001,
Khandwa Airport,small_airport,21.857117,76.336956,Khandwa
Shirpur Airport,small_airport,21.3239987933,74.9567341805,Shirpur
Umaria Air Field,small_airport,23.5325139099,80.80821990970001,Umaria
Amravati (Belora) Airstrip,small_airport,20.814608,77.717765,Amravati
Madhubani Airport,small_airport,26.329167,86.06,Madhubani
Ulao Aerodrome,small_airport,25.42788,86.08819,Begusarai
Birwa Airstrip,small_airport,22.092639,80.595531,Baihar
Sultanpur Airport,small_airport,26.2475,82.0425,Sultanpur
Raigarh Airport (JSPL),small_airport,21.9352805556,83.3502138889,
Savitri Jindal Airport,small_airport,20.910055,85.036669,Angul
Barbil Tonto Airstrip,small_airport,22.045829,85.373468,Bhusugaon
Bhagalpur Airport,small_airport,25.249535,87.011976,Bhagalpur
Fury Airport,small_airport,26.434072,73.101472,"Karwar, Jodhpur"
CHINDWARA AIRFIELD,small_airport,22.0,78.93,
Gauchar Airstrip,small_airport,30.284585,79.161665,Gauchar
Poonch Airport,small_airport,33.76875,74.083753,Poonch
Noamundi Airport,small_airport,22.192222,85.548889,Itarbalijor
Saharsa Airport,small_airport,25.892205,86.583016,Saharsa
Vedanta Lanjigarh Airstrip,small_airport,19.7194444444,83.3936111111,
Akli Airport,small_airport,25.8077,70.2943,Akli
Surichua Air Base,small_airport,24.18824,87.701722,Rampurhat
Durgapur Steel Plant Airport,small_airport,23.58331,87.339787,Durgapur
Sido Kanhu Airport,small_airport,24.231185,87.269989,Dumka
Vanasthali Airport,small_airport,26.407627,75.870128,Vanasthali
Mandla Airstrip,small_airport,22.500929,80.331195,Dhenko
Mithapur Airport,small_airport,22.412068,68.993632,Mithapur
Sindhudurg Airport,medium_airport,16.002552,73.529846,Chipi
Mandvi Airport,small_airport,22.83932,69.30498,Mandvi
Mehsana Airport,small_airport,23.60118,72.37399,Mehsana
Navi Mumbai International Airport,large_airport,18.984597,73.065253,Navi Mumbai
Chushul Airstrip,small_airport,33.55493,78.72214,Chushul
Therubali Aerodrome,small_airport,19.34564,83.43444,Deopur
Viraf Airstrip,small_airport,17.728462,78.700909,Mamidiyal
Rashtrakavi Kuvempu Airport,medium_airport,13.858024,75.618868,Shimoga
Nyoma Airstrip,small_airport,33.16913,78.72971,Nyoma
Tuting Advanced Landing Ground,small_airport,28.98876,94.89863,Tuting
Itanagar Donyi Polo Hollongi Airport,medium_airport,26.96683,93.638792,Hollongi
Birasal Airport,small_airport,20.98366,85.681622,Rahani
Mohammadabad Airport,small_airport,27.316258,79.451555,Mohammadabad
Marhamtabad Airport,small_airport,26.58182,79.96797,Marhamtabad
Benti Airstrip,small_airport,25.67292,81.49592,Benti
Andhau Airfield,small_airport,25.6155,83.56064,Biraich
Bihta Air Force Station,small_airport,25.59124,84.88312,Patna
Dinjan Airfield,small_airport,27.53606,95.2682,Baghbari Gaon
Dhulia Airport,small_airport,20.9265,74.737099,
Abu Road Airport,small_airport,24.4942,72.781502,
Dahod Helipad,small_airport,22.874296,74.243247,Dahod
Sant Gadge Baba Yavatmal Airport,medium_airport,20.395781,78.216272,Yavatmal
Gunna Ka Pura,small_airport,26.65022,77.792484,Khanpura
Tarpura Airfield,small_airport,27.729912,75.24086,Dadiya
Gandhinagar Airfield,small_airport,19.963699,73.807602,Nashik
Kannur Heliport,small_airport,11.862516,75.366505,Kannur
Noida International Airport,large_airport,28.179868,77.611843,Gautam Buddha Nagar
Maa Mahamaya Airport,medium_airport,22.98753,83.19612,Ambikapur
Jagdalpur Airport,small_airport,19.074301,82.036797,Jagdalpur
Rajouri Airport,small_airport,33.377899,74.315201,Rajouri
Sirohi Airport,small_airport,24.895099639892575,72.84590148925781,
Banswara Airport,small_airport,23.589259,74.314048,
Osmanabad Airport,small_airport,18.281,76.0574,Osmanabad
Chanda Airport,small_airport,19.99469947814941,79.22250366210938,
Birlagram Airport,small_airport,23.4468994140625,75.42030334472656,
Muirpur Airport,small_airport,24.125200271606445,83.04060363769531,
Bhilai Airport,small_airport,21.2942008972168,81.37950134277344,
Sidhi Airport,small_airport,24.402299880981445,81.8147964477539,
"Rewa Airport, Chorhata, REWA",medium_airport,24.503401,81.220299,Rewa
Ondwa Airport,small_airport,25.14150047302246,74.61150360107422,
Dhana Airport,small_airport,23.75359916687012,78.85579681396484,
Naliya Air Force Station,small_airport,23.2223,68.891296,Naliya
Amla Airport,small_airport,21.926399,78.113602,Amla
Karad Airport,small_airport,17.285900115966797,74.15809631347656,
Nimach Airport,small_airport,24.43079948425293,74.8677978515625,
Burhar Airport,small_airport,23.235200881958008,81.50370025634766,
Diu Airport,small_airport,20.714185,70.921855,Diu
Phalodi Airport,small_airport,27.11289978027344,72.38899993896484,
Dr. Bhimrao Ambedkar Airstrip,small_airport,28.904933,77.677524,Meerut
Gondia Airport,medium_airport,21.526817,80.290347,Gondia
Ratlam Airport,small_airport,23.38139915466309,75.02559661865234,
Sardar Vallabh Patel International Airport,large_airport,23.0772,72.634697,Ahmedabad
Akola Airport,medium_airport,20.698931,77.056883,Akola
Aurangabad Airport,medium_airport,19.862875,75.396312,Aurangabad
Chhatrapati Shivaji Maharaj International Airport,large_airport,19.088699,72.867897,Mumbai
Bhuj Airport,medium_airport,23.2877998352,69.6701965332,Bhuj
Belagavi Airport,medium_airport,15.8593,74.618301,Belgaum
Vadodara International Airport,large_airport,22.336201,73.226303,Vadodara
Raja Bhoj International Airport,large_airport,23.2875,77.337402,Bhopal
Bhavnagar Airport,medium_airport,21.752199173,72.1852035522,Bhavnagar
Daman Airport,medium_airport,20.434401,72.843201,Daman
Deesa Airport,small_airport,24.2679,72.204399,Deesa
Guna Airport,small_airport,24.654699,77.347298,
Hubballi Airport,medium_airport,15.361084,75.082096,Hubballi
Rajkot International Airport,large_airport,22.378824,71.039391,Rajkot
Devi Ahilya Bai Holkar International Airport,large_airport,22.721404,75.80051,Indore
Jabalpur Airport,medium_airport,23.177799,80.052002,Jabalpur
Juhu Aerodrome,small_airport,19.098100662231445,72.83419799804688,Mumbai
Jalgaon Airport,small_airport,20.962678,75.627492,Jalgaon
Jamnagar Airport,medium_airport,22.465499877929688,70.01260375976562,Jamnagar
Kandla Airport,medium_airport,23.1127,70.100304,Kandla
Khajuraho Airport,medium_airport,24.8172,79.918602,Khajuraho
Kolhapur Airport,medium_airport,16.6647,74.289398,Kolhapur
Keshod Airport,medium_airport,21.317101,70.270401,Keshod
Murod Kond Airport,medium_airport,18.411501,76.464699,Latur
Mundra Airport,small_airport,22.834795,69.765408,Mundra
Nanded Airport,medium_airport,19.1833,77.316704,Nanded
Dr. Babasaheb Ambedkar International Airport,large_airport,21.092199,79.047203,Nagpur
Nashik International Airport,large_airport,20.119101,73.912903,Nashik
Pune International Airport,large_airport,18.5821,73.919701,Pune
Porbandar Airport,medium_airport,21.649524,69.656405,Porbandar
Ratnagiri Airport,medium_airport,17.013599,73.327797,
Rajkot Airport,medium_airport,22.3092,70.779503,Rajkot
Swami Vivekananda Airport,medium_airport,21.180401,81.7388,Raipur
Shirdi International Airport,large_airport,19.689211,74.373655,Kakadi
Solapur Airport,medium_airport,17.6280002594,75.93479919430001,Solapur
Surat International Airport,large_airport,21.115531,72.743251,Surat
Maharana Pratap Airport,medium_airport,24.6177005768,73.89610290530001,Udaipur
Burnpur Airport,small_airport,23.631500244140625,86.97550201416016,
Sookerating (Doomdooma) Airport,small_airport,27.5529,95.570602,Sokriting T.E.
Nuagaon Airport,small_airport,20.511699676513672,83.4480972290039,
Giridih Airport,small_airport,24.20190048217773,86.28980255126953,
Daltonganj Airport,small_airport,24.01930046081543,84.09510040283203,
Cuttack Airport / Charbatia Air Force Station,small_airport,20.549601,85.886299,Bandalo
Mechuka Advanced Landing Ground,small_airport,28.602458,94.126139,Kargong
Bentayan Airport,small_airport,23.09510040283203,75.88529968261719,Ujjain
Vijaynagar Advanced Landing Ground,small_airport,27.1935997009,97.0037002563,
Thuniabhand Airport,small_airport,22.00160026550293,78.91719818115234,
Azamgarh Airport,small_airport,26.153333,83.118333,Azamgarh
Along Airport,medium_airport,28.17530059814453,94.802001953125,
Agartala - Maharaja Bir Bikram Airport,medium_airport,23.886999,91.240402,Agartala
Tuirial Airfield,small_airport,23.746214,92.802846,Aizawl
Behala Airport,small_airport,22.50423,88.293427,Kolkata
Bagdogra Airport,large_airport,26.6812,88.328598,Siliguri
Balurghat Airport,small_airport,25.2617,88.795601,Balurghat
Shillong Airport,medium_airport,25.70359992980957,91.97869873046876,Shillong
Bokaro Airport,small_airport,23.643499,86.148903,
Berhampur Rangeilunda Airport,small_airport,19.2975,84.876944,Berhampur (Brahmapur)
Lal Bahadur Shastri International Airport,large_airport,25.452171,82.862549,Varanasi
Biju Patnaik International Airport,large_airport,20.251021,85.814747,Bhubaneswar
Bilaspur Airport,medium_airport,21.9884,82.111,Bilaspur
Chabua Air Force Station,small_airport,27.4622,95.117699,Chabua
Netaji Subhash Chandra Bose International Airport,large_airport,22.654012,88.44765,Kolkata
Chakulia Airport,small_airport,22.463625,86.705219,
Cooch Behar Airport,small_airport,26.3305,89.467201,Cooch Behar
Chitrakoot Airport,small_airport,25.167694,80.9358,Chitrakoot
Dhanbad Airport,medium_airport,23.834,86.425301,
Kazi Nazrul Islam Airport,medium_airport,23.6225,87.243,Durgapur
Darbhanga Airport,medium_airport,26.192801,85.916901,Darbhanga
Deoghar Airport,small_airport,24.446842,86.704955,Deoghar
Kharagpur Airport / Kalaikunda Air Force Station,small_airport,22.3395,87.2145,Doarkhol
Daporijo Airport,small_airport,27.9855003357,94.22280120850002,Daporijo
Gorakhpur Airport,medium_airport,26.7397003174,83.4496994019,Gorakhpur
Lokpriya Gopinath Bordoloi International Airport,large_airport,26.106654,91.585226,Guwahati
Gaya Airport,medium_airport,24.744301,84.951202,Gaya
Hirakud Airport,small_airport,21.5802,84.005699,Sambalpur
Hashimara Air Force Station,medium_airport,26.698299,89.369102,Jalpaiguri
Bir Tikendrajit International Airport,large_airport,24.76,93.896698,Imphal
Jharsuguda Airport,small_airport,21.9135,84.0504,
Jeypore Airport,small_airport,18.879549,82.552478,Jeypore
Sonari Airport,medium_airport,22.813706,86.168981,Jamshedpur
Jorhat Airport,medium_airport,26.730456,94.175416,Jorhat
Kishanganj Airport,small_airport,26.075836,87.93965,Kishanganj
Kushinagar International Airport,medium_airport,26.776534,83.889214,Kushinagar
Kendujhar Airport,small_airport,21.696667,85.581667,Gopinathapur
Kamalpur Airport,small_airport,24.134325,91.810769,Manik Bhandar
Kailashahar Airport,medium_airport,24.308657,92.00768,Kailashahar
Silchar Airport,medium_airport,24.9129009247,92.9786987305,Silchar
Khowai Airport,small_airport,24.061899,91.603897,Khowai
Lengpui Airport,medium_airport,23.840599,92.619698,Aizawl (Lengpui)
Lilabari North Lakhimpur Airport,medium_airport,27.295682,94.097266,Lilabari
Malda Airport,small_airport,25.01018,88.126917,Malda
Dibrugarh Airport,medium_airport,27.4839000702,95.0168991089,Dibrugarh
Dimapur Airport,medium_airport,25.8838996887,93.7711029053,Dimapur
Muzaffarpur Airport,medium_airport,26.119101,85.313698,Muzaffarpur
Nawapara Airport,small_airport,20.870001,82.5196,Nawapara
Pasighat Airport,small_airport,28.064786,95.336952,Pasighat
Panagarh Air Force Station,medium_airport,23.4743003845,87.4274978638,
Barrackpore Air Force Station,small_airport,22.7810001373,88.3591995239,Barrackpore
Jay Prakash Narayan Airport,medium_airport,25.591299,85.087997,Patna
Purnea Airport,small_airport,25.759599685668945,87.41000366210938,
Birsa Munda Airport,medium_airport,23.314300537100003,85.3217010498,Ranchi
Rourkela Airport,medium_airport,22.256571,84.815193,Rourkela
Raxaul Airport,small_airport,26.9667,84.833298,
Rupsi Airport,small_airport,26.141867,89.907892,Rupsi
Tezu Airport,small_airport,27.9412002563,96.1343994141,Tezu
Tezpur Airport,medium_airport,26.7091007232666,92.78469848632812,
Utkela Airport,medium_airport,20.097778,83.183333,Bhawanipatna
Visakhapatnam International Airport,large_airport,17.723506,83.227729,Visakhapatnam
Ziro Airport,medium_airport,27.588301,93.828102,Ziro
Saifai Airport,small_airport,26.9202,79.06277,Barauli Khurd
Narnaul Airport,small_airport,28.077101,76.205002,
Karnal Airport,small_airport,29.714663,77.037438,Niawal
Suratgarh New Airport,small_airport,29.387800216674805,73.90390014648438,
Thoise Airport,small_airport,34.652599,77.375801,Nubra
Kargil Airport,small_airport,34.5243,76.155899,Kargil
Fukche Advanced Landing Ground,small_airport,32.937401,79.213203,Koyul
Jhunjhunu Airport,small_airport,28.1067008972168,75.37560272216797,
Pilani New Airport,small_airport,28.348800659179688,75.59369659423828,
Pinjore Airfield and Flying Club,small_airport,30.82457,76.883652,Gannan
Nagaur Airport,small_airport,27.20829963684082,73.7114028930664,
IIT Kanpur Airport,small_airport,26.520399,80.232904,Kanpur
Band Tal Airport,small_airport,26.000099182128903,78.26180267333984,
Maa Ganga Airport Uttarkashi,small_airport,30.582583,78.323164,Chinyalisour
Beas Airport,small_airport,31.559999,75.341301,Bhaini
Akbarpur Mahamaya Rajkiya Airport,small_airport,26.447599,82.568199,Akbarpur
Agra Airport / Agra Air Force Station,medium_airport,27.157975,77.961025,Agra
Aligarh Airport,small_airport,27.861437,78.145404,Aligarh
Prayagraj Airport,medium_airport,25.4401,81.733902,Allahabad
Ambala Air Force Station,medium_airport,30.368099,76.816704,Ambala
Sri Guru Ram Das Ji International Airport,large_airport,31.7096,74.797302,Amritsar
Awantipura Air Force Station,small_airport,33.876598,74.9757,Awantipura
Adampur Airport,small_airport,31.4338,75.758797,Adampur
Nal Airport,medium_airport,28.070601,73.207199,Bikaner
Bakshi Ka Talab Air Force Station,small_airport,26.9883,80.893097,Lucknow
Kullu Manali Airport,medium_airport,31.876699,77.154404,Bhuntar
Bhatinda Air Force Station,medium_airport,30.2701,74.755798,
Bhiwani Airport,small_airport,28.837,76.1791,Bhiwani
Bareilly Air Force Station,medium_airport,28.4221,79.450798,Bareilly
Shaheed Bhagat Singh International Airport,large_airport,30.6735,76.788498,Chandigarh
Kanpur Airport,medium_airport,26.404301,80.410103,Kanpur
Safdarjung Airport,medium_airport,28.585453,77.203563,New Delhi
Pithoragarh Airport,small_airport,29.593599,80.239197,Pithoragarh
Dehradun Jolly Grant Airport,medium_airport,30.189243,78.176651,Dehradun (Jauligrant)
Indira Gandhi International Airport,large_airport,28.55563,77.09519,New Delhi
Hindon Airport / Hindon Air Force Station,small_airport,28.707701,77.358902,Ghaziabad
Kangra Airport,medium_airport,32.164902,76.263018,Kangra
Gwalior Airport,medium_airport,26.29330062866211,78.22779846191406,Gwalior
Maharaja Agrasen International Airport,large_airport,29.186065,75.74142,Hisar
Halwara International Airport,large_airport,30.748501,75.629799,Halwara
Jhansi Airport,small_airport,25.491199,78.558403,
Jodhpur Airport,medium_airport,26.251100540161133,73.04889678955078,Jodhpur
Jaipur International Airport,large_airport,26.8242,75.812202,Jaipur
Jaisalmer Airport,medium_airport,26.8887,70.864998,
Jammu Airport,medium_airport,32.688849,74.838152,Jammu
Kanpur Civil Airport (Old),small_airport,26.440857,80.365029,Kanpur
Kishangarh Airport Ajmer,medium_airport,26.591007,74.812956,Ajmer (Kishangarh)
Kota Airport,medium_airport,25.160200119,75.84559631350001,Kota
Ludhiana Airport,medium_airport,30.854700088500977,75.95259857177734,
Leh Kushok Bakula Rimpochee Airport,medium_airport,34.135899,77.546501,Leh
Chaudhary Charan Singh International Airport,large_airport,26.760599,80.889297,Lucknow
Lalitpur Airport,small_airport,24.71699905395508,78.41699981689453,Lalitpur
Moradabad Airport,medium_airport,28.81746,78.92187,Moradabad
Pathankot Airport,medium_airport,32.233611,75.634444,Pathankot
Patiala Airport,small_airport,30.3148,76.364502,
Pantnagar Airport,medium_airport,29.0334,79.473701,Pantnagar
Phalodi Air Force Station,small_airport,27.104866,72.212894,
Fursatganj Airport,small_airport,26.248501,81.380501,Tarauna
Sirsa Air Force Station,medium_airport,29.5606,75.006104,
Shimla Airport,small_airport,31.0818,77.068001,Jubbarhatti
Sarsawa Air Force Station,small_airport,29.994303,77.42456,Sherpur Naqeebpur
Sheikh ul Alam International Airport,large_airport,33.987099,74.7742,Srinagar
Satna Airport,small_airport,24.56262,80.852927,
Shravasti Airport,small_airport,27.499732,82.032927,Shravasti
Uttarlai Airport,small_airport,25.813,71.4823,
Udhampur Air Force Station,medium_airport,32.902152,75.155709,Udhampur
Kovilpatti Airport,small_airport,9.15389,77.821198,Nallatinputhur
Harihar Airport,small_airport,14.534533,75.786879,Harihar
Campbell Bay Airport / INS Baaz,medium_airport,7.01304,93.922798,Campbell Bay
Hosur Airport,small_airport,12.661299705505373,77.76719665527344,
INS Rajali / Arakkonam Naval Air Station,small_airport,13.0712,79.6912,Arakkonam
Agatti Airport,medium_airport,10.8237,72.176003,Agatti
HAL Airport,medium_airport,12.95,77.668198,Bangalore
Bellary Airport,medium_airport,15.162799835205078,76.88279724121094,Bellary
Kempegowda International Airport Bengaluru,large_airport,13.1979,77.706299,Bengaluru
Bidar Airport / Bidar Air Force Station,medium_airport,17.9081,77.487099,Bidar
Vijayawada International Airport,large_airport,16.530011,80.804888,Vijayawada
Coimbatore International Airport,large_airport,11.03,77.043404,Coimbatore
INS Garuda / Willingdon Island Naval Air Station,small_airport,9.946064,76.271947,Kochi
Cochin International Airport,large_airport,10.151047,76.400838,Kochi
Calicut International Airport,large_airport,11.135996,75.955152,Calicut
Kadapa Airport,medium_airport,14.513154,78.769183,Kadapa
Car Nicobar Air Force Base,medium_airport,9.153056,92.819273,IAF Camp
Dundigul Air Force Academy,medium_airport,17.627199173,78.4033966064,Hyderabad
Manohar International Airport,large_airport,15.744257,73.860625,Mopa
Kalaburagi Airport,small_airport,17.308154,76.965246,Kalaburagi
Goa Dabolim International Airport,large_airport,15.380062,73.833328,Vasco da Gama
Hakimpet Airport,small_airport,17.553499,78.524902,Secunderabad
Rajiv Gandhi International Airport,large_airport,17.231318,78.429855,Hyderabad
Begumpet Airport,medium_airport,17.4531,78.467598,Hyderabad
Jindal Vijaynagar Airport,small_airport,15.175921,76.63303,Toranagallu
Kannur International Airport,large_airport,11.916343,75.544979,Kannur
Baldota Koppal Aerodrome,small_airport,15.359481,76.219411,Basapur
Kurnool Airport,medium_airport,15.716288,78.16923,Orvakal
Madurai Airport,medium_airport,9.83450984955,78.09339904790001,Madurai
Mangaluru International Airport,large_airport,12.95471,74.886812,Mangaluru
Chennai International Airport,large_airport,12.990005,80.169296,Chennai
Mysore Airport,medium_airport,12.229751,76.653683,Mysore
Nagarjuna Sagar Airport,small_airport,16.541574,79.316504,Nagarjuna Sagar
Neyveli Airport,small_airport,11.612956,79.527382,Neyveli
Veer Savarkar International Airport / INS Utkrosh,large_airport,11.640194,92.72902,Port Blair
Pondicherry Airport,medium_airport,11.968,79.812,Puducherry (Pondicherry)
Sri Sathya Sai Airport,medium_airport,14.1492996216,77.7910995483,Puttaparthi
Basanth Nagar Airport,small_airport,18.701,79.3923,Ramagundam
Ramnad Naval Air Station,small_airport,9.32509,78.971497,Ramnad
Raichur Airport,small_airport,16.279722,77.360278,
Rajahmundry Airport,medium_airport,17.105799,81.813204,Madhurapudi
Salem Airport,medium_airport,11.78330039978,78.06559753418,Salem
Coimbatore Air Force Station,small_airport,11.0136,77.159698,Sulur
Thanjavur Air Force Station,small_airport,10.723835,79.109457,Thanjavur
Tuticorin Airport,small_airport,8.724241,78.025803,Vagaikulam
Tirupati International Airport,large_airport,13.631988,79.539869,Tirupati
Tiruchirappalli International Airport,large_airport,10.762915,78.717741,Tiruchirappalli
Thiruvananthapuram International Airport,large_airport,8.481889,76.920029,Thiruvananthapuram
Tambaram Air Force Station,small_airport,12.9072,80.121902,Chennai
Vellore Airport,small_airport,12.9088,79.066803,Vellore
Warangal Airport,small_airport,17.9144,79.602203,Warangal
Yelahanka Air Force Station,small_airport,13.135499954223633,77.60600280761719,Yelahanka
